<?xml version="1.0" encoding="UTF-8"?>
<!--Sample XML file generated by XMLSpy v2014 rel. 2 sp1 (x64) (http://www.altova.com)-->
<n1:GetDERGroupForecastsResponse xmlns="http://www.multispeak.org/V5.0/commonTypes" xmlns:msp="http://www.multispeak.org/V5.0" xmlns:cpsm="http://www.multispeak.org/V5.0/cpsm" xmlns:xsi="http://www.w3.org/2001/XMLSchema-instance" xmlns:sbarrays="http://www.multispeak.org/V5.0/sandboxArrays" xmlns:n1="http://www.multispeak.org/V5.0/wsdl/SB_DER_Server" xsi:schemaLocation="http://www.multispeak.org/V5.0/wsdl/SB_DER_Server SB_DER_Server.xsd">
	<n1:ArrayOfDERGroupForecast>
		<sbarrays:DERGroupForecast referableID="String">
			<msp:timeStamp>2001-12-17T09:30:47Z</msp:timeStamp>
			<forecastDate xmlns="">2001-12-17T09:30:47Z</forecastDate>
			<forecastInterval xmlns="" units="Minutes">3.1415901184082031</forecastInterval>
			<DERGroup xmlns="" objectGUID="3832cf79-0c5a-405a-90f8-f6cc6b37806e" utility="String">
				<msp:comments>example comment</msp:comments>
				<msp:primaryIdentifier identifierName="String" identifierLabel="String">NA</msp:primaryIdentifier>
			</DERGroup>
			<DERGroupPrediction xmlns="">
				<sequence>0</sequence>
				<confidence>95</confidence>
				<DERGroupCapabilities>
					<realPower units="PerUnit">3.1415901184082031</realPower>
					<reactivePower units="microVAr">3.1415901184082031</reactivePower>
					<apparentPower units="PerUnit">3.1415901184082031</apparentPower>
				</DERGroupCapabilities>				
			</DERGroupPrediction>
			<DERGroupPrediction xmlns="">
				<sequence>1</sequence>
				<confidence>95</confidence>
				<DERGroupCapabilities>
					<realPower units="PerUnit">3.1415901184082031</realPower>
					<reactivePower units="microVAr">3.1415901184082031</reactivePower>
					<apparentPower units="PerUnit">3.1415901184082031</apparentPower>
				</DERGroupCapabilities>				
			</DERGroupPrediction>		
			<DERGroupPrediction xmlns="">
				<sequence>2</sequence>
				<confidence>95</confidence>
				<DERGroupCapabilities>
					<realPower units="PerUnit">3.1415901184082031</realPower>
					<reactivePower units="microVAr">3.1415901184082031</reactivePower>
					<apparentPower units="PerUnit">3.1415901184082031</apparentPower>
				</DERGroupCapabilities>				
			</DERGroupPrediction>					
		</sbarrays:DERGroupForecast>
	</n1:ArrayOfDERGroupForecast>
</n1:GetDERGroupForecastsResponse>
