<?xml version="1.0" encoding="UTF-8"?>
<!--Sample XML file generated by XMLSpy v2012 rel. 2 (x64) (http://www.altova.com)-->
<CreateDERGroups xsi:schemaLocation="http://www.multispeak.org/V5.0/wsdl/SB_DER_Server SB_DER_Server.xsd" xmlns="http://www.multispeak.org/V5.0/wsdl/SB_DER_Server" xmlns:msp="http://www.multispeak.org/V5.0" xmlns:com="http://www.multispeak.org/V5.0/commonTypes" xmlns:cpsm="http://www.multispeak.org/V5.0/cpsm" xmlns:sbarrays="http://www.multispeak.org/V5.0/sandboxArrays" xmlns:xsi="http://www.w3.org/2001/XMLSchema-instance">
	<ArrayOfDERGroup>
		<sbarrays:DERGroup objectGUID="8493bde3-afca-411a-8234-d66f550090c3">
			<msp:comments>String</msp:comments>
			<msp:errorObjects>
				<com:errorObject>
					<com:extensions/>
					<com:extensionsList>
						<com:extensionsItem>
							<com:extName>String</com:extName>
							<com:extValue>String</com:extValue>
							<com:extType>positiveInteger</com:extType>
						</com:extensionsItem>
					</com:extensionsList>
					<com:errorCode>
						<com:replyCodeCategory>2</com:replyCodeCategory>
						<com:index>String</com:index>
					</com:errorCode>
					<com:eventTime>2001-12-17T09:30:47Z</com:eventTime>
					<com:displayString>String</com:displayString>
					<com:detailedString>String</com:detailedString>
				</com:errorObject>
			</msp:errorObjects>
			<msp:primaryIdentifier identifierName="String">NA</msp:primaryIdentifier>
			<DERIDs xmlns="">
				<DERID objectGUID="b44bc3b4-9c2b-4204-a50f-b1af50bbb955">DERMember 1</DERID>
				<DERID objectGUID="9ec3c999-b56d-4474-9d4b-e6a69a12178f">DERMember 2</DERID>
			</DERIDs>
		</sbarrays:DERGroup>
		<sbarrays:DERGroup objectGUID="2d4310a5-94dd-4d85-98f1-cf4c14a2b94b">
			<msp:comments>String</msp:comments>
			<msp:errorObjects>
				<com:errorObject>
					<com:errorCode>
						<com:replyCodeCategory>2</com:replyCodeCategory>
						<com:index>String</com:index>
					</com:errorCode>
					<com:eventTime>2001-12-17T09:30:47Z</com:eventTime>
					<com:displayString>String</com:displayString>
					<com:detailedString>String</com:detailedString>
				</com:errorObject>
			</msp:errorObjects>
			<msp:primaryIdentifier identifierName="String">NA</msp:primaryIdentifier>
			<DERIDs xmlns="">
				<DERID objectGUID="a250f0ae-719d-4f5e-a268-a4ce7711c338">DERMember x</DERID>
				<DERID objectGUID="2a1a2d02-662a-4409-8fe0-36eae69eee0f">DERMember y</DERID>				
				<DERID objectGUID="f46fba28-c544-4aff-b052-b8f53204374b">DERMember z</DERID>				
			</DERIDs>
		</sbarrays:DERGroup>		
	</ArrayOfDERGroup>
	<responseURL>http://www.epri.com/blahblahblah</responseURL>
	<transactionID>Some made up identifier, e.g. DER-GET-1</transactionID>
</CreateDERGroups>
