<?xml version="1.0" encoding="UTF-8"?>
<!--Sample XML file generated by XMLSpy v2014 rel. 2 sp1 (x64) (http://www.altova.com)-->
<n1:InitiateDERGroupDispatchRequests xmlns="http://www.multispeak.org/V5.0/commonTypes" xmlns:msp="http://www.multispeak.org/V5.0" xmlns:cpsm="http://www.multispeak.org/V5.0/cpsm" xmlns:xsi="http://www.w3.org/2001/XMLSchema-instance" xmlns:sbarrays="http://www.multispeak.org/V5.0/sandboxArrays" xmlns:n1="http://www.multispeak.org/V5.0/wsdl/SB_DER_Server" xsi:schemaLocation="http://www.multispeak.org/V5.0/wsdl/SB_DER_Server SB_DER_Server.xsd">
	<n1:ArrayOfDERGroupDispatchRequest>
		<!-- this is the GUID of the request -->
		<sbarrays:DERGroupDispatchRequest objectGUID="b1b699a9-1fc4-44de-9113-00e6a8f0435d" utility="String">
			<msp:comments>Your comments here</msp:comments>
			<msp:primaryIdentifier identifierName="String" identifierLabel="String">NA</msp:primaryIdentifier>
			<DERGroupID xmlns="">
				<!-- this is the GUID of the DERGroup -->
				<objectGUID xmlns="http://www.multispeak.org/V5.0/commonTypes">3832cf79-0c5a-405a-90f8-f6cc6b37806e</objectGUID>
				<primaryIdentifier xmlns="http://www.multispeak.org/V5.0/commonTypes" identifierName="String" identifierLabel="String">NA</primaryIdentifier>
			</DERGroupID>
			<dispatchTargets xmlns="">
				<realPowerDispatchTarget units="microW">3.1415901184082031</realPowerDispatchTarget>
				<reactivePowerTarget units="VAr">3.1415901184082031</reactivePowerTarget>
			</dispatchTargets>
		</sbarrays:DERGroupDispatchRequest>
	</n1:ArrayOfDERGroupDispatchRequest>
	<n1:responseURL>http://www.altova.com/</n1:responseURL>
	<n1:transactionID>Test 10 - Initiate DERDispatch request. Attempt: ##</n1:transactionID>
</n1:InitiateDERGroupDispatchRequests>
