<?xml version="1.0" encoding="UTF-8"?>
<!--Sample XML file generated by XMLSpy v2014 rel. 2 sp1 (x64) (http://www.altova.com)-->
<n1:GetDERGroupForecasts xmlns="http://www.multispeak.org/V5.0/commonTypes" xmlns:msp="http://www.multispeak.org/V5.0" xmlns:cpsm="http://www.multispeak.org/V5.0/cpsm" xmlns:xsi="http://www.w3.org/2001/XMLSchema-instance" xmlns:sbarrays="http://www.multispeak.org/V5.0/sandboxArrays" xmlns:n1="http://www.multispeak.org/V5.0/wsdl/SB_DER_Server" xsi:schemaLocation="http://www.multispeak.org/V5.0/wsdl/SB_DER_Server SB_DER_Server.xsd">
	<n1:forecastInterval units="Days">30</n1:forecastInterval>
	<n1:forecastPeriod>
		<startTime>2014-01-17T09:30:47Z</startTime>
		<endTime>2014-02-17T09:30:47Z</endTime>
	</n1:forecastPeriod>
	<n1:ArrayOfDERGroup>
		<sbarrays:DERGroup objectGUID="3832cf79-0c5a-405a-90f8-f6cc6b37806e" utility="String">
			<msp:comments>Your comments here</msp:comments>
			<msp:primaryIdentifier identifierName="String" identifierLabel="String">NA</msp:primaryIdentifier>
		</sbarrays:DERGroup>
	</n1:ArrayOfDERGroup>
	<n1:ArrayOfRequestedCapability>
		<sbarrays:requestedCapability otherKind="String">RealPower</sbarrays:requestedCapability>
	</n1:ArrayOfRequestedCapability>
</n1:GetDERGroupForecasts>
