<?xml version="1.0" encoding="UTF-8"?>
<!--Sample XML file generated by XMLSpy v2014 rel. 2 sp1 (x64) (http://www.altova.com)-->
<n1:GetDERGroupStatusesByDERGroupIDs xmlns="http://www.multispeak.org/V5.0/commonTypes" xmlns:xsi="http://www.w3.org/2001/XMLSchema-instance" xmlns:sbarrays="http://www.multispeak.org/V5.0/sandboxArrays" xmlns:n1="http://www.multispeak.org/V5.0/wsdl/SB_DER_Server" xsi:schemaLocation="http://www.multispeak.org/V5.0/wsdl/SB_DER_Server SB_DER_Server.xsd">
	<n1:ArrayOfDERGroupID>
		<sbarrays:DERGroupID>
			<objectGUID>4152684d-2640-4935-a96c-449edbd9aff7</objectGUID>
			<primaryIdentifier identifierName="String" identifierLabel="String">NA</primaryIdentifier>
		</sbarrays:DERGroupID>
	</n1:ArrayOfDERGroupID>
</n1:GetDERGroupStatusesByDERGroupIDs>
