<?xml version="1.0" encoding="UTF-8"?>
<!--Sample XML file generated by XMLSpy v2012 rel. 2 (x64) (http://www.altova.com)-->
<CreateDERGroups xsi:schemaLocation="http://www.multispeak.org/V5.0/wsdl/SB_DER_Server SB_DER_Server.xsd" xmlns="http://www.multispeak.org/V5.0/wsdl/SB_DER_Server" xmlns:msp="http://www.multispeak.org/V5.0" xmlns:com="http://www.multispeak.org/V5.0/commonTypes" xmlns:cpsm="http://www.multispeak.org/V5.0/cpsm" xmlns:sbarrays="http://www.multispeak.org/V5.0/sandboxArrays" xmlns:xsi="http://www.w3.org/2001/XMLSchema-instance">
	<ArrayOfDERGroup>
		<sbarrays:DERGroup objectGUID="a528540c-850e-4c03-a9e9-c5cada45b151">
			<msp:comments>String</msp:comments>
			<msp:primaryIdentifier identifierName="String">String</msp:primaryIdentifier>
			<DERIDs xmlns="">
				<DERID objectGUID="8493bde3-afca-411a-8234-d66f550090c3">Example DER Group Name</DERID>
				<DERID objectGUID="2d4310a5-94dd-4d85-98f1-cf4c14a2b94b">Another example DER Group Name</DERID>				
			</DERIDs>
		</sbarrays:DERGroup>
	</ArrayOfDERGroup>
	<responseURL>http://www.epri.com/</responseURL>
	<transactionID>Some made up idnetifier, e.g. DER-GET-1</transactionID>
</CreateDERGroups>
