<?xml version="1.0" encoding="UTF-8"?>
<!--Sample XML file generated by XMLSpy v2014 rel. 2 sp1 (x64) (http://www.altova.com)-->
<n1:GetDERGroupStatusesByDERGroupIDsResponse xmlns="http://www.multispeak.org/V5.0/commonTypes" xmlns:msp="http://www.multispeak.org/V5.0" xmlns:cpsm="http://www.multispeak.org/V5.0/cpsm" xmlns:xsi="http://www.w3.org/2001/XMLSchema-instance" xmlns:sbarrays="http://www.multispeak.org/V5.0/sandboxArrays" xmlns:n1="http://www.multispeak.org/V5.0/wsdl/SB_DER_Server" xsi:schemaLocation="http://www.multispeak.org/V5.0/wsdl/SB_DER_Server SB_DER_Server.xsd">
	<n1:ArrayOfDERGroupStatus>
		<sbarrays:DERGroupStatus referableID="String">
			<!-- the time and pertinent status information -->
			<msp:timeStamp>2001-12-17T09:30:47Z</msp:timeStamp>
			<msp:eventDescription>Example description</msp:eventDescription>
			<msp:eventReason>Example reason</msp:eventReason>
			<!-- ID of the DERGroup -->
			<DERGroup xmlns="" objectGUID="4152684d-2640-4935-a96c-449edbd9aff7" utility="String">
				<msp:comments>an example comment</msp:comments>
				<msp:primaryIdentifier identifierName="String" identifierLabel="String">NA</msp:primaryIdentifier>
			</DERGroup>
			<DERGroupCapabilities xmlns="">
				<!-- capabilities at the time of this status -->
				<realPower units="mW">3.1415901184082031</realPower>
				<reactivePower units="Other">3.1415901184082031</reactivePower>
				<apparentPower units="kVA">3.1415901184082031</apparentPower>
			</DERGroupCapabilities>
		</sbarrays:DERGroupStatus>
	</n1:ArrayOfDERGroupStatus>
</n1:GetDERGroupStatusesByDERGroupIDsResponse>
