<?xml version="1.0" encoding="UTF-8"?>
<!--Sample XML file generated by XMLSpy v2014 rel. 2 sp1 (x64) (http://www.altova.com)-->
<RemoveDERsFromDERGroup xmlns="http://www.multispeak.org/V5.0/wsdl/SB_DER_Server" xmlns:xsi="http://www.w3.org/2001/XMLSchema-instance" xmlns:com="http://www.multispeak.org/V5.0/commonTypes" xmlns:sbarrays="http://www.multispeak.org/V5.0/sandboxArrays" xsi:schemaLocation="http://www.multispeak.org/V5.0/wsdl/SB_DER_Server SB_DER_Server.xsd">
	<ArrayOfDERID>
		<sbarrays:DERID DERName="Example Battery storage" objectGUID="77075dea-eb70-49fb-ae8b-16848c4767fa" owner="String" registeredName="" systemName="">String</sbarrays:DERID>
	</ArrayOfDERID>
	<DERGroupID>
		<com:objectGUID>f975be36-a3b6-499c-9518-5e74555b6db9</com:objectGUID>
		<com:primaryIdentifier identifierName="String" identifierLabel="String">NA</com:primaryIdentifier>
	</DERGroupID>
	<responseURL>http://www.altova.com/</responseURL>
	<transactionID>Some made up identifier, e.g. DER-REMOVE-1</transactionID>
</RemoveDERsFromDERGroup>
