<?xml version="1.0" encoding="UTF-8"?>
<!--Sample XML file generated by XMLSpy v2014 rel. 2 sp1 (x64) (http://www.altova.com)-->
<DeleteDERGroups xmlns="http://www.multispeak.org/V5.0/wsdl/SB_DER_Server" xmlns:xsi="http://www.w3.org/2001/XMLSchema-instance" xmlns:com="http://www.multispeak.org/V5.0/commonTypes" xmlns:sbarrays="http://www.multispeak.org/V5.0/sandboxArrays" xsi:schemaLocation="http://www.multispeak.org/V5.0/wsdl/SB_DER_Server SB_DER_Server.xsd">
	<ArrayOfDERGroupID>
		<sbarrays:DERGroupID>
			<com:objectGUID>f975be36-a3b6-499c-9518-5e74555b6db9</com:objectGUID>
			<com:primaryIdentifier identifierName="String" identifierLabel="String">NA</com:primaryIdentifier>
		</sbarrays:DERGroupID>
	</ArrayOfDERGroupID>
	<responseURL>http://www.altova.com/</responseURL>
	<transactionID>Made up identifier, e.g. MSP-REMOVE DERGroup-1</transactionID>
</DeleteDERGroups>
