<?xml version="1.0" encoding="UTF-8"?>
<!--Sample XML file generated by XMLSpy v2012 rel. 2 (x64) (http://www.altova.com)-->
<CreateDERGroups xsi:schemaLocation="http://www.multispeak.org/V5.0/wsdl/SB_DER_Server SB_DER_Server.xsd" xmlns="http://www.multispeak.org/V5.0/wsdl/SB_DER_Server" xmlns:msp="http://www.multispeak.org/V5.0" xmlns:com="http://www.multispeak.org/V5.0/commonTypes" xmlns:cpsm="http://www.multispeak.org/V5.0/cpsm" xmlns:sbarrays="http://www.multispeak.org/V5.0/sandboxArrays" xmlns:xsi="http://www.w3.org/2001/XMLSchema-instance">
	<ArrayOfDERGroup>
		<sbarrays:DERGroup objectGUID="f975be36-a3b6-499c-9518-5e74555b6db9">
			<msp:errorObjects>
				<com:errorObject>
					<com:errorCode>
						<com:replyCodeCategory>Other</com:replyCodeCategory>
						<com:index>String</com:index>
					</com:errorCode>
					<com:eventTime>2001-12-17T09:30:47Z</com:eventTime>
					<com:displayString>String</com:displayString>
					<com:detailedString>String</com:detailedString>
				</com:errorObject>
			</msp:errorObjects>
			<msp:primaryIdentifier identifierName="DERMemberName">Example Battery storage</msp:primaryIdentifier>
			<DERIDs xmlns="">
				<DERID objectGUID="77075dea-eb70-49fb-ae8b-16848c4767fa">String</DERID>
			</DERIDs>
		</sbarrays:DERGroup>
	</ArrayOfDERGroup>
	<responseURL>http://www.epri.com/blahblahblah</responseURL>
	<transactionID>Some made up idnetifier, e.g. DER-INSERT-1</transactionID>
</CreateDERGroups>
