<?xml version="1.0" encoding="UTF-8"?>
<!--Sample XML file generated by XMLSpy v2012 rel. 2 (x64) (http://www.altova.com)-->
<CreateDERGroups xsi:schemaLocation="http://www.multispeak.org/V5.0/wsdl/SB_DER_Server SB_DER_Server.xsd" xmlns="http://www.multispeak.org/V5.0/wsdl/SB_DER_Server" xmlns:msp="http://www.multispeak.org/V5.0" xmlns:com="http://www.multispeak.org/V5.0/commonTypes" xmlns:cpsm="http://www.multispeak.org/V5.0/cpsm" xmlns:sbarrays="http://www.multispeak.org/V5.0/sandboxArrays" xmlns:xsi="http://www.w3.org/2001/XMLSchema-instance">
	<ArrayOfDERGroup>
		<sbarrays:DERGroup objectGUID="f975be36-a3b6-499c-9518-5e74555b6db9">
			<msp:extensions/>
			<msp:comments>String</msp:comments>
			<msp:errorObjects>
				<com:errorObject>
					<com:errorCode>
						<com:replyCodeCategory>7</com:replyCodeCategory>
						<com:index>String</com:index>
					</com:errorCode>
					<com:eventTime>2001-12-17T09:30:47Z</com:eventTime>
					<com:displayString>String</com:displayString>
					<com:detailedString>String</com:detailedString>
				</com:errorObject>
			</msp:errorObjects>
			<msp:primaryIdentifier identifierName="Example Group Name"/>
			<DERIDs xmlns="">
				<DERID objectGUID="c1357587-0a37-41a1-bdb6-65af875972a4">Example DER member: PV array - 1</DERID>
			</DERIDs>
		</sbarrays:DERGroup>
	</ArrayOfDERGroup>
	<responseURL>http://www.epri.com/blahblahblah</responseURL>
	<transactionID>Test1 DERGroup Creation - Attempt ##</transactionID>
</CreateDERGroups>
